
SET IDENTITY_INSERT [app].[MakeType] ON
Delete from [app].[MakeType] 
INSERT INTO [app].[MakeType] ([makeTypeId], [name], [description], [created], [modified], [createdBy], [modifiedBy], [isActive]) VALUES (1, N'Acura', N'test', N'2013-08-15 20:57:01', N'2013-08-15 20:57:01', NULL, NULL, 1)
INSERT INTO [app].[MakeType] ([makeTypeId], [name], [description], [created], [modified], [createdBy], [modifiedBy], [isActive]) VALUES (2, N'Audi', NULL, N'2013-08-21 22:00:36', N'2013-08-21 22:00:36', NULL, NULL, 1)
INSERT INTO [app].[MakeType] ([makeTypeId], [name], [description], [created], [modified], [createdBy], [modifiedBy], [isActive]) VALUES (4, N'BMW', NULL, N'2013-08-24 18:57:22', N'2013-08-24 18:57:22', NULL, NULL, 1)
INSERT INTO [app].[MakeType] ([makeTypeId], [name], [description], [created], [modified], [createdBy], [modifiedBy], [isActive]) VALUES (5, N'Buick', NULL, N'2013-08-24 18:57:29', N'2013-08-24 18:57:29', NULL, NULL, 1)
INSERT INTO [app].[MakeType] ([makeTypeId], [name], [description], [created], [modified], [createdBy], [modifiedBy], [isActive]) VALUES (6, N'Cadillac', NULL, N'2013-10-30 20:16:48', N'2013-10-30 20:16:48', NULL, NULL, 1)
INSERT INTO [app].[MakeType] ([makeTypeId], [name], [description], [created], [modified], [createdBy], [modifiedBy], [isActive]) VALUES (7, N'Chevrolet', NULL, N'2013-10-30 20:16:58', N'2013-10-30 20:16:58', NULL, NULL, 1)
INSERT INTO [app].[MakeType] ([makeTypeId], [name], [description], [created], [modified], [createdBy], [modifiedBy], [isActive]) VALUES (8, N'Chrysler', NULL, N'2013-10-30 20:17:04', N'2013-10-30 20:17:04', NULL, NULL, 1)
INSERT INTO [app].[MakeType] ([makeTypeId], [name], [description], [created], [modified], [createdBy], [modifiedBy], [isActive]) VALUES (9, N'Dodge', NULL, N'2013-10-30 20:17:08', N'2013-10-30 20:17:08', NULL, NULL, 1)
INSERT INTO [app].[MakeType] ([makeTypeId], [name], [description], [created], [modified], [createdBy], [modifiedBy], [isActive]) VALUES (10, N'Eagle', NULL, N'2013-10-30 20:17:11', N'2013-10-30 20:17:11', NULL, NULL, 1)
INSERT INTO [app].[MakeType] ([makeTypeId], [name], [description], [created], [modified], [createdBy], [modifiedBy], [isActive]) VALUES (11, N'Ferrari', NULL, N'2013-10-30 20:17:15', N'2013-10-30 20:17:15', NULL, NULL, 1)
INSERT INTO [app].[MakeType] ([makeTypeId], [name], [description], [created], [modified], [createdBy], [modifiedBy], [isActive]) VALUES (12, N'Ford', NULL, N'2013-10-30 20:17:16', N'2013-10-30 20:17:16', NULL, NULL, 1)
INSERT INTO [app].[MakeType] ([makeTypeId], [name], [description], [created], [modified], [createdBy], [modifiedBy], [isActive]) VALUES (13, N'GMC', NULL, N'2013-10-30 20:17:43', N'2013-10-30 20:17:43', NULL, NULL, 1)
INSERT INTO [app].[MakeType] ([makeTypeId], [name], [description], [created], [modified], [createdBy], [modifiedBy], [isActive]) VALUES (14, N'Honda', NULL, N'2013-10-30 20:17:49', N'2013-10-30 20:17:49', NULL, NULL, 1)
INSERT INTO [app].[MakeType] ([makeTypeId], [name], [description], [created], [modified], [createdBy], [modifiedBy], [isActive]) VALUES (15, N'Hummer', NULL, N'2013-10-30 20:17:55', N'2013-10-30 20:17:55', NULL, NULL, 1)
INSERT INTO [app].[MakeType] ([makeTypeId], [name], [description], [created], [modified], [createdBy], [modifiedBy], [isActive]) VALUES (16, N'Hyundai', NULL, N'2013-10-30 20:18:00', N'2013-10-30 20:18:00', NULL, NULL, 1)
INSERT INTO [app].[MakeType] ([makeTypeId], [name], [description], [created], [modified], [createdBy], [modifiedBy], [isActive]) VALUES (17, N'Infiniti', NULL, N'2013-10-30 20:18:04', N'2013-10-30 20:18:04', NULL, NULL, 1)
INSERT INTO [app].[MakeType] ([makeTypeId], [name], [description], [created], [modified], [createdBy], [modifiedBy], [isActive]) VALUES (18, N'Isuzu', NULL, N'2013-10-30 20:18:10', N'2013-10-30 20:18:10', NULL, NULL, 1)
INSERT INTO [app].[MakeType] ([makeTypeId], [name], [description], [created], [modified], [createdBy], [modifiedBy], [isActive]) VALUES (19, N'Jaguar', NULL, N'2013-10-30 20:18:13', N'2013-10-30 20:18:13', NULL, NULL, 1)
INSERT INTO [app].[MakeType] ([makeTypeId], [name], [description], [created], [modified], [createdBy], [modifiedBy], [isActive]) VALUES (20, N'Jeep', NULL, N'2013-10-30 20:18:15', N'2013-10-30 20:18:15', NULL, NULL, 1)
INSERT INTO [app].[MakeType] ([makeTypeId], [name], [description], [created], [modified], [createdBy], [modifiedBy], [isActive]) VALUES (21, N'Kia', NULL, N'2013-10-30 20:18:20', N'2013-10-30 20:18:20', NULL, NULL, 1)
INSERT INTO [app].[MakeType] ([makeTypeId], [name], [description], [created], [modified], [createdBy], [modifiedBy], [isActive]) VALUES (22, N'Lamborghini', NULL, N'2013-10-30 20:18:53', N'2013-10-30 20:18:53', NULL, NULL, 1)
INSERT INTO [app].[MakeType] ([makeTypeId], [name], [description], [created], [modified], [createdBy], [modifiedBy], [isActive]) VALUES (23, N'Land Rover', NULL, N'2013-10-30 20:18:59', N'2013-10-30 20:18:59', NULL, NULL, 1)
INSERT INTO [app].[MakeType] ([makeTypeId], [name], [description], [created], [modified], [createdBy], [modifiedBy], [isActive]) VALUES (24, N'Lexus', NULL, N'2013-10-30 20:19:02', N'2013-10-30 20:19:02', NULL, NULL, 1)
INSERT INTO [app].[MakeType] ([makeTypeId], [name], [description], [created], [modified], [createdBy], [modifiedBy], [isActive]) VALUES (25, N'Lincoln', NULL, N'2013-10-30 20:19:06', N'2013-10-30 20:19:06', NULL, NULL, 1)
INSERT INTO [app].[MakeType] ([makeTypeId], [name], [description], [created], [modified], [createdBy], [modifiedBy], [isActive]) VALUES (26, N'Lotus', NULL, N'2013-10-30 20:19:09', N'2013-10-30 20:19:09', NULL, NULL, 1)
INSERT INTO [app].[MakeType] ([makeTypeId], [name], [description], [created], [modified], [createdBy], [modifiedBy], [isActive]) VALUES (27, N'Mazda', NULL, N'2013-10-30 20:19:12', N'2013-10-30 20:19:12', NULL, NULL, 1)
INSERT INTO [app].[MakeType] ([makeTypeId], [name], [description], [created], [modified], [createdBy], [modifiedBy], [isActive]) VALUES (28, N'Mercedes-Benz', NULL, N'2013-10-30 20:19:22', N'2013-10-30 20:19:22', NULL, NULL, 1)
INSERT INTO [app].[MakeType] ([makeTypeId], [name], [description], [created], [modified], [createdBy], [modifiedBy], [isActive]) VALUES (29, N'Mercury', NULL, N'2013-10-30 20:19:27', N'2013-10-30 20:19:27', NULL, NULL, 1)
INSERT INTO [app].[MakeType] ([makeTypeId], [name], [description], [created], [modified], [createdBy], [modifiedBy], [isActive]) VALUES (30, N'Mitsubishi', NULL, N'2013-10-30 20:19:36', N'2013-10-30 20:19:36', NULL, NULL, 1)
INSERT INTO [app].[MakeType] ([makeTypeId], [name], [description], [created], [modified], [createdBy], [modifiedBy], [isActive]) VALUES (31, N'Nissan', NULL, N'2013-10-30 20:19:39', N'2013-10-30 20:19:39', NULL, NULL, 1)
INSERT INTO [app].[MakeType] ([makeTypeId], [name], [description], [created], [modified], [createdBy], [modifiedBy], [isActive]) VALUES (32, N'Oldsmobile', NULL, N'2013-10-30 20:19:46', N'2013-10-30 20:19:46', NULL, NULL, 1)
INSERT INTO [app].[MakeType] ([makeTypeId], [name], [description], [created], [modified], [createdBy], [modifiedBy], [isActive]) VALUES (33, N'Peugeot', NULL, N'2013-10-30 20:19:53', N'2013-10-30 20:19:53', NULL, NULL, 1)
INSERT INTO [app].[MakeType] ([makeTypeId], [name], [description], [created], [modified], [createdBy], [modifiedBy], [isActive]) VALUES (34, N'Pontiac', NULL, N'2013-10-30 20:19:58', N'2013-10-30 20:19:58', NULL, NULL, 1)
INSERT INTO [app].[MakeType] ([makeTypeId], [name], [description], [created], [modified], [createdBy], [modifiedBy], [isActive]) VALUES (35, N'Porsche', NULL, N'2013-10-30 20:20:27', N'2013-10-30 20:20:27', NULL, NULL, 1)
INSERT INTO [app].[MakeType] ([makeTypeId], [name], [description], [created], [modified], [createdBy], [modifiedBy], [isActive]) VALUES (36, N'Buick', NULL, N'2013-10-30 20:20:50', N'2013-10-30 20:20:50', NULL, NULL, 1)
INSERT INTO [app].[MakeType] ([makeTypeId], [name], [description], [created], [modified], [createdBy], [modifiedBy], [isActive]) VALUES (37, N'Saab', NULL, N'2013-10-30 20:20:53', N'2013-10-30 20:20:53', NULL, NULL, 1)
INSERT INTO [app].[MakeType] ([makeTypeId], [name], [description], [created], [modified], [createdBy], [modifiedBy], [isActive]) VALUES (38, N'Saturn', NULL, N'2013-10-30 20:21:00', N'2013-10-30 20:21:00', NULL, NULL, 1)
INSERT INTO [app].[MakeType] ([makeTypeId], [name], [description], [created], [modified], [createdBy], [modifiedBy], [isActive]) VALUES (39, N'Subaru', NULL, N'2013-10-30 20:21:06', N'2013-10-30 20:21:06', NULL, NULL, 1)
INSERT INTO [app].[MakeType] ([makeTypeId], [name], [description], [created], [modified], [createdBy], [modifiedBy], [isActive]) VALUES (40, N'Suzuki', NULL, N'2013-10-30 20:21:13', N'2013-10-30 20:21:13', NULL, NULL, 1)
INSERT INTO [app].[MakeType] ([makeTypeId], [name], [description], [created], [modified], [createdBy], [modifiedBy], [isActive]) VALUES (41, N'Toyota', NULL, N'2013-10-30 20:21:22', N'2013-10-30 20:21:22', NULL, NULL, 1)
INSERT INTO [app].[MakeType] ([makeTypeId], [name], [description], [created], [modified], [createdBy], [modifiedBy], [isActive]) VALUES (42, N'Volkswagen', NULL, N'2013-10-30 20:21:40', N'2013-10-30 20:21:40', NULL, NULL, 1)
INSERT INTO [app].[MakeType] ([makeTypeId], [name], [description], [created], [modified], [createdBy], [modifiedBy], [isActive]) VALUES (43, N'Volvo', NULL, N'2013-10-30 20:21:44', N'2013-10-30 20:21:44', NULL, NULL, 1)
INSERT INTO [app].[MakeType] ([makeTypeId], [name], [description], [created], [modified], [createdBy], [modifiedBy], [isActive]) VALUES (44, N'AMC', NULL, N'2013-10-30 20:23:49', N'2013-10-30 20:23:49', NULL, NULL, 1)
INSERT INTO [app].[MakeType] ([makeTypeId], [name], [description], [created], [modified], [createdBy], [modifiedBy], [isActive]) VALUES (45, N'Alfa Romeo', NULL, N'2013-10-30 20:23:58', N'2013-10-30 20:23:58', NULL, NULL, 1)
INSERT INTO [app].[MakeType] ([makeTypeId], [name], [description], [created], [modified], [createdBy], [modifiedBy], [isActive]) VALUES (46, N'Austin Healey', NULL, N'2013-10-30 20:24:13', N'2013-10-30 20:24:13', NULL, NULL, 1)
INSERT INTO [app].[MakeType] ([makeTypeId], [name], [description], [created], [modified], [createdBy], [modifiedBy], [isActive]) VALUES (47, N'Ariel Atom', NULL, N'2013-10-30 20:24:21', N'2013-10-30 20:24:21', NULL, NULL, 1)
INSERT INTO [app].[MakeType] ([makeTypeId], [name], [description], [created], [modified], [createdBy], [modifiedBy], [isActive]) VALUES (48, N'Aston Martin', NULL, N'2013-10-30 20:24:31', N'2013-10-30 20:24:31', NULL, NULL, 1)
INSERT INTO [app].[MakeType] ([makeTypeId], [name], [description], [created], [modified], [createdBy], [modifiedBy], [isActive]) VALUES (49, N'Bentley', NULL, N'2013-10-30 20:24:43', N'2013-10-30 20:24:43', NULL, NULL, 1)
INSERT INTO [app].[MakeType] ([makeTypeId], [name], [description], [created], [modified], [createdBy], [modifiedBy], [isActive]) VALUES (50, N'Bugatti', NULL, N'2013-10-30 20:24:50', N'2013-10-30 20:24:50', NULL, NULL, 1)
INSERT INTO [app].[MakeType] ([makeTypeId], [name], [description], [created], [modified], [createdBy], [modifiedBy], [isActive]) VALUES (51, N'Datsun', NULL, N'2013-10-30 20:25:29', N'2013-10-30 20:25:29', NULL, NULL, 1)
INSERT INTO [app].[MakeType] ([makeTypeId], [name], [description], [created], [modified], [createdBy], [modifiedBy], [isActive]) VALUES (52, N'De Tomaso', NULL, N'2013-10-30 20:25:37', N'2013-10-30 20:25:37', NULL, NULL, 1)
INSERT INTO [app].[MakeType] ([makeTypeId], [name], [description], [created], [modified], [createdBy], [modifiedBy], [isActive]) VALUES (53, N'Fiat', NULL, N'2013-10-30 20:26:00', N'2013-10-30 20:26:00', NULL, NULL, 1)
INSERT INTO [app].[MakeType] ([makeTypeId], [name], [description], [created], [modified], [createdBy], [modifiedBy], [isActive]) VALUES (54, N'GEO', NULL, N'2013-10-30 20:26:13', N'2013-10-30 20:26:13', NULL, NULL, 1)
INSERT INTO [app].[MakeType] ([makeTypeId], [name], [description], [created], [modified], [createdBy], [modifiedBy], [isActive]) VALUES (55, N'Koenigsegg', NULL, N'2013-10-30 20:26:37', N'2013-10-30 20:26:37', NULL, NULL, 1)
INSERT INTO [app].[MakeType] ([makeTypeId], [name], [description], [created], [modified], [createdBy], [modifiedBy], [isActive]) VALUES (56, N'Maserati', NULL, N'2013-10-30 20:27:08', N'2013-10-30 20:27:08', NULL, NULL, 1)
INSERT INTO [app].[MakeType] ([makeTypeId], [name], [description], [created], [modified], [createdBy], [modifiedBy], [isActive]) VALUES (57, N'McLaren', NULL, N'2013-10-30 20:27:25', N'2013-10-30 20:27:25', NULL, NULL, 1)
INSERT INTO [app].[MakeType] ([makeTypeId], [name], [description], [created], [modified], [createdBy], [modifiedBy], [isActive]) VALUES (58, N'Mini', NULL, N'2013-10-30 20:27:39', N'2013-10-30 20:27:39', NULL, NULL, 1)
INSERT INTO [app].[MakeType] ([makeTypeId], [name], [description], [created], [modified], [createdBy], [modifiedBy], [isActive]) VALUES (59, N'Rolls-Royce', NULL, N'2013-10-30 20:28:15', N'2013-10-30 20:28:15', NULL, NULL, 1)
INSERT INTO [app].[MakeType] ([makeTypeId], [name], [description], [created], [modified], [createdBy], [modifiedBy], [isActive]) VALUES (60, N'Scion', NULL, N'2013-10-30 20:28:29', N'2013-10-30 20:28:29', NULL, NULL, 1)
INSERT INTO [app].[MakeType] ([makeTypeId], [name], [description], [created], [modified], [createdBy], [modifiedBy], [isActive]) VALUES (61, N'Shelby', NULL, N'2013-10-30 20:28:34', N'2013-10-30 20:28:34', NULL, NULL, 1)
INSERT INTO [app].[MakeType] ([makeTypeId], [name], [description], [created], [modified], [createdBy], [modifiedBy], [isActive]) VALUES (62, N'Tesla', NULL, N'2013-10-30 20:28:54', N'2013-10-30 20:28:54', NULL, NULL, 1)
INSERT INTO [app].[MakeType] ([makeTypeId], [name], [description], [created], [modified], [createdBy], [modifiedBy], [isActive]) VALUES (63, N'Triumph', NULL, N'2013-10-30 20:29:09', N'2013-10-30 20:29:09', NULL, NULL, 1)
INSERT INTO [app].[MakeType] ([makeTypeId], [name], [description], [created], [modified], [createdBy], [modifiedBy], [isActive]) VALUES (64, N'Caterham', NULL, N'2013-10-30 20:29:26', N'2013-10-30 20:29:26', NULL, NULL, 1)
INSERT INTO [app].[MakeType] ([makeTypeId], [name], [description], [created], [modified], [createdBy], [modifiedBy], [isActive]) VALUES (65, N'Citroen', NULL, N'2013-10-30 20:29:31', N'2013-10-30 20:29:31', NULL, NULL, 1)
INSERT INTO [app].[MakeType] ([makeTypeId], [name], [description], [created], [modified], [createdBy], [modifiedBy], [isActive]) VALUES (66, N'Daihatsu', NULL, N'2013-10-30 20:29:37', N'2013-10-30 20:29:37', NULL, NULL, 1)
INSERT INTO [app].[MakeType] ([makeTypeId], [name], [description], [created], [modified], [createdBy], [modifiedBy], [isActive]) VALUES (67, N'Fisker', NULL, N'2013-10-30 20:29:42', N'2013-10-30 20:29:42', NULL, NULL, 1)
INSERT INTO [app].[MakeType] ([makeTypeId], [name], [description], [created], [modified], [createdBy], [modifiedBy], [isActive]) VALUES (68, N'Maybach', NULL, N'2013-10-30 20:29:48', N'2013-10-30 20:29:48', NULL, NULL, 1)
INSERT INTO [app].[MakeType] ([makeTypeId], [name], [description], [created], [modified], [createdBy], [modifiedBy], [isActive]) VALUES (69, N'MG', NULL, N'2013-10-30 20:29:50', N'2013-10-30 20:29:50', NULL, NULL, 1)
INSERT INTO [app].[MakeType] ([makeTypeId], [name], [description], [created], [modified], [createdBy], [modifiedBy], [isActive]) VALUES (70, N'Mosler/Rossion', NULL, N'2013-10-30 20:29:58', N'2013-10-30 20:29:58', NULL, NULL, 1)
INSERT INTO [app].[MakeType] ([makeTypeId], [name], [description], [created], [modified], [createdBy], [modifiedBy], [isActive]) VALUES (71, N'Proton', NULL, N'2013-10-30 20:30:17', N'2013-10-30 20:30:17', NULL, NULL, 1)
INSERT INTO [app].[MakeType] ([makeTypeId], [name], [description], [created], [modified], [createdBy], [modifiedBy], [isActive]) VALUES (72, N'Renault', NULL, N'2013-10-30 20:30:23', N'2013-10-30 20:30:23', NULL, NULL, 1)
INSERT INTO [app].[MakeType] ([makeTypeId], [name], [description], [created], [modified], [createdBy], [modifiedBy], [isActive]) VALUES (73, N'Seat', NULL, N'2013-10-30 20:30:27', N'2013-10-30 20:30:27', NULL, NULL, 1)
INSERT INTO [app].[MakeType] ([makeTypeId], [name], [description], [created], [modified], [createdBy], [modifiedBy], [isActive]) VALUES (74, N'Skoda', NULL, N'2013-10-30 20:30:29', N'2013-10-30 20:30:29', NULL, NULL, 1)
INSERT INTO [app].[MakeType] ([makeTypeId], [name], [description], [created], [modified], [createdBy], [modifiedBy], [isActive]) VALUES (75, N'Smart', NULL, N'2013-10-30 20:30:32', N'2013-10-30 20:30:32', NULL, NULL, 1)
INSERT INTO [app].[MakeType] ([makeTypeId], [name], [description], [created], [modified], [createdBy], [modifiedBy], [isActive]) VALUES (76, N'Vauxhall', NULL, N'2013-10-30 20:30:40', N'2013-10-30 20:30:40', NULL, NULL, 1)
INSERT INTO [app].[MakeType] ([makeTypeId], [name], [description], [created], [modified], [createdBy], [modifiedBy], [isActive]) VALUES (77, N'Daewoo', NULL, N'2013-10-30 20:31:27', N'2013-10-30 20:31:27', NULL, NULL, 1)
INSERT INTO [app].[MakeType] ([makeTypeId], [name], [description], [created], [modified], [createdBy], [modifiedBy], [isActive]) VALUES (78, N'Opel', NULL, N'2013-10-30 20:31:53', N'2013-10-30 20:31:53', NULL, NULL, 1)
INSERT INTO [app].[MakeType] ([makeTypeId], [name], [description], [created], [modified], [createdBy], [modifiedBy], [isActive]) VALUES (79, N'Bristol Fighter', NULL, N'2013-10-30 20:32:26', N'2013-10-30 20:32:26', NULL, NULL, 1)
INSERT INTO [app].[MakeType] ([makeTypeId], [name], [description], [created], [modified], [createdBy], [modifiedBy], [isActive]) VALUES (80, N'Campagna', NULL, N'2013-10-30 20:32:36', N'2013-10-30 20:32:36', NULL, NULL, 1)
INSERT INTO [app].[MakeType] ([makeTypeId], [name], [description], [created], [modified], [createdBy], [modifiedBy], [isActive]) VALUES (81, N'Noble', NULL, N'2013-10-30 20:32:43', N'2013-10-30 20:32:43', NULL, NULL, 1)
INSERT INTO [app].[MakeType] ([makeTypeId], [name], [description], [created], [modified], [createdBy], [modifiedBy], [isActive]) VALUES (82, N'Callaway', NULL, N'2013-10-30 20:32:49', N'2013-10-30 20:32:49', NULL, NULL, 1)
INSERT INTO [app].[MakeType] ([makeTypeId], [name], [description], [created], [modified], [createdBy], [modifiedBy], [isActive]) VALUES (83, N'Allard Vintage Roadster', NULL, N'2013-10-30 20:33:08', N'2013-10-30 20:33:08', NULL, NULL, 1)
INSERT INTO [app].[MakeType] ([makeTypeId], [name], [description], [created], [modified], [createdBy], [modifiedBy], [isActive]) VALUES (84, N'KTM Sports Car', NULL, N'2013-10-30 20:33:15', N'2013-10-30 20:33:15', NULL, NULL, 1)
INSERT INTO [app].[MakeType] ([makeTypeId], [name], [description], [created], [modified], [createdBy], [modifiedBy], [isActive]) VALUES (85, N'Pagani', NULL, N'2013-10-30 20:34:04', N'2013-10-30 20:34:04', NULL, NULL, 1)
INSERT INTO [app].[MakeType] ([makeTypeId], [name], [description], [created], [modified], [createdBy], [modifiedBy], [isActive]) VALUES (86, N'Panoz Esperante', NULL, N'2013-10-30 20:34:19', N'2013-10-30 20:34:19', NULL, NULL, 1)
INSERT INTO [app].[MakeType] ([makeTypeId], [name], [description], [created], [modified], [createdBy], [modifiedBy], [isActive]) VALUES (87, N'Qvale Mangusta', NULL, N'2013-10-30 20:34:32', N'2013-10-30 20:34:32', NULL, NULL, 1)
INSERT INTO [app].[MakeType] ([makeTypeId], [name], [description], [created], [modified], [createdBy], [modifiedBy], [isActive]) VALUES (88, N'Vector', NULL, N'2013-10-30 20:34:56', N'2013-10-30 20:34:56', NULL, NULL, 1)
INSERT INTO [app].[MakeType] ([makeTypeId], [name], [description], [created], [modified], [createdBy], [modifiedBy], [isActive]) VALUES (89, N'Westfield', NULL, N'2013-10-30 20:35:02', N'2013-10-30 20:35:02', NULL, NULL, 1)
INSERT INTO [app].[MakeType] ([makeTypeId], [name], [description], [created], [modified], [createdBy], [modifiedBy], [isActive]) VALUES (90, N'Ascari Exotic Car', NULL, N'2013-10-30 20:35:18', N'2013-10-30 20:35:18', NULL, NULL, 1)
INSERT INTO [app].[MakeType] ([makeTypeId], [name], [description], [created], [modified], [createdBy], [modifiedBy], [isActive]) VALUES (91, N'MSV', NULL, N'2013-10-30 20:35:23', N'2013-10-30 20:35:23', NULL, NULL, 1)
INSERT INTO [app].[MakeType] ([makeTypeId], [name], [description], [created], [modified], [createdBy], [modifiedBy], [isActive]) VALUES (92, N'Street Sweeper', NULL, N'2013-10-30 20:35:32', N'2013-10-30 20:35:32', NULL, NULL, 1)
SET IDENTITY_INSERT [app].[MakeType] OFF
SET IDENTITY_INSERT [app].[ModelType] ON
Delete from [app].[ModelType]
INSERT INTO [app].[ModelType] ([modelTypeId], [makeTypeId], [name], [description], [created], [modified], [createdBy], [modifiedBy], [isActive]) VALUES (2, 77, N'Laganza CDX', NULL, N'2013-08-15 22:02:23', N'2013-08-16 00:02:06', NULL, NULL, 0)
INSERT INTO [app].[ModelType] ([modelTypeId], [makeTypeId], [name], [description], [created], [modified], [createdBy], [modifiedBy], [isActive]) VALUES (3, 79, N'V10 S', NULL, N'2013-08-21 22:00:26', N'2013-08-21 22:00:26', NULL, NULL, 1)
INSERT INTO [app].[ModelType] ([modelTypeId], [makeTypeId], [name], [description], [created], [modified], [createdBy], [modifiedBy], [isActive]) VALUES (4, 80, N'T-Rex 14R', NULL, N'2013-08-21 22:00:58', N'2013-08-21 22:00:58', NULL, NULL, 1)
INSERT INTO [app].[ModelType] ([modelTypeId], [makeTypeId], [name], [description], [created], [modified], [createdBy], [modifiedBy], [isActive]) VALUES (5, 81, N'M10', NULL, N'2013-08-24 18:57:06', N'2013-08-24 18:57:06', NULL, NULL, 1)
INSERT INTO [app].[ModelType] ([modelTypeId], [makeTypeId], [name], [description], [created], [modified], [createdBy], [modifiedBy], [isActive]) VALUES (6, 81, N'M12 GTO', NULL, N'2013-08-24 18:57:43', N'2013-08-24 18:57:43', NULL, NULL, 1)
INSERT INTO [app].[ModelType] ([modelTypeId], [makeTypeId], [name], [description], [created], [modified], [createdBy], [modifiedBy], [isActive]) VALUES (7, 81, N'M400', N'yaaahhh', N'2013-10-20 12:14:40', N'2013-10-20 12:24:31', NULL, NULL, 1)
INSERT INTO [app].[ModelType] ([modelTypeId], [makeTypeId], [name], [description], [created], [modified], [createdBy], [modifiedBy], [isActive]) VALUES (8, 81, N'M600', NULL, N'2013-10-20 12:19:02', N'2013-10-20 12:19:02', NULL, NULL, 1)
INSERT INTO [app].[ModelType] ([modelTypeId], [makeTypeId], [name], [description], [created], [modified], [createdBy], [modifiedBy], [isActive]) VALUES (9, 82, N'C16', NULL, N'2013-10-30 20:39:08', N'2013-10-30 20:39:08', NULL, NULL, 1)
INSERT INTO [app].[ModelType] ([modelTypeId], [makeTypeId], [name], [description], [created], [modified], [createdBy], [modifiedBy], [isActive]) VALUES (10, 83, N'J2X Mk2', NULL, N'2013-10-30 20:39:13', N'2013-10-30 20:39:13', NULL, NULL, 1)
INSERT INTO [app].[ModelType] ([modelTypeId], [makeTypeId], [name], [description], [created], [modified], [createdBy], [modifiedBy], [isActive]) VALUES (11, 84, N'KTM X-Bow 300', NULL, N'2013-10-30 20:39:22', N'2013-10-30 20:39:22', NULL, NULL, 1)
INSERT INTO [app].[ModelType] ([modelTypeId], [makeTypeId], [name], [description], [created], [modified], [createdBy], [modifiedBy], [isActive]) VALUES (12, 84, N'KTM X-Bow R', NULL, N'2013-10-30 20:39:39', N'2013-10-30 20:39:39', NULL, NULL, 1)
INSERT INTO [app].[ModelType] ([modelTypeId], [makeTypeId], [name], [description], [created], [modified], [createdBy], [modifiedBy], [isActive]) VALUES (13, 78, N'GT', NULL, N'2013-10-30 20:40:02', N'2013-10-30 20:40:02', NULL, NULL, 1)
INSERT INTO [app].[ModelType] ([modelTypeId], [makeTypeId], [name], [description], [created], [modified], [createdBy], [modifiedBy], [isActive]) VALUES (14, 78, N'Wagon', NULL, N'2013-10-30 20:40:14', N'2013-10-30 20:40:14', NULL, NULL, 1)
INSERT INTO [app].[ModelType] ([modelTypeId], [makeTypeId], [name], [description], [created], [modified], [createdBy], [modifiedBy], [isActive]) VALUES (15, 78, N'Manta', NULL, N'2013-10-30 20:40:32', N'2013-10-30 20:40:32', NULL, NULL, 1)
INSERT INTO [app].[ModelType] ([modelTypeId], [makeTypeId], [name], [description], [created], [modified], [createdBy], [modifiedBy], [isActive]) VALUES (16, 78, N'Isuzo Coupe ', NULL, N'2013-10-30 20:40:37', N'2013-10-30 20:40:37', NULL, NULL, 1)
INSERT INTO [app].[ModelType] ([modelTypeId], [makeTypeId], [name], [description], [created], [modified], [createdBy], [modifiedBy], [isActive]) VALUES (17, 78, N'Speedster', NULL, N'2013-10-30 20:40:48', N'2013-10-30 20:40:48', NULL, NULL, 1)
INSERT INTO [app].[ModelType] ([modelTypeId], [makeTypeId], [name], [description], [created], [modified], [createdBy], [modifiedBy], [isActive]) VALUES (18, 78, N'Cascada Cabriolet', NULL, N'2013-10-30 20:41:01', N'2013-10-30 20:41:01', NULL, NULL, 1)
INSERT INTO [app].[ModelType] ([modelTypeId], [makeTypeId], [name], [description], [created], [modified], [createdBy], [modifiedBy], [isActive]) VALUES (19, 85, N'Zonda C12-S', NULL, N'2013-10-30 20:41:28', N'2013-10-30 20:41:28', NULL, NULL, 1)
INSERT INTO [app].[ModelType] ([modelTypeId], [makeTypeId], [name], [description], [created], [modified], [createdBy], [modifiedBy], [isActive]) VALUES (20, 85, N'Zonda S ', NULL, N'2013-10-30 20:42:45', N'2013-10-30 20:42:45', NULL, NULL, 1)
INSERT INTO [app].[ModelType] ([modelTypeId], [makeTypeId], [name], [description], [created], [modified], [createdBy], [modifiedBy], [isActive]) VALUES (21, 85, N'Zonda F', NULL, N'2013-10-30 20:42:55', N'2013-10-30 20:42:55', NULL, NULL, 1)
INSERT INTO [app].[ModelType] ([modelTypeId], [makeTypeId], [name], [description], [created], [modified], [createdBy], [modifiedBy], [isActive]) VALUES (22, 85, N'Zonda R', NULL, N'2013-10-30 20:43:05', N'2013-10-30 20:43:05', NULL, NULL, 1)
INSERT INTO [app].[ModelType] ([modelTypeId], [makeTypeId], [name], [description], [created], [modified], [createdBy], [modifiedBy], [isActive]) VALUES (23, 85, N'Zonda Cinque Roadster', NULL, N'2013-10-30 20:43:20', N'2013-10-30 20:43:20', NULL, NULL, 1)
INSERT INTO [app].[ModelType] ([modelTypeId], [makeTypeId], [name], [description], [created], [modified], [createdBy], [modifiedBy], [isActive]) VALUES (24, 85, N'Huayra', NULL, N'2013-10-30 20:43:33', N'2013-10-30 20:43:33', NULL, NULL, 1)
INSERT INTO [app].[ModelType] ([modelTypeId], [makeTypeId], [name], [description], [created], [modified], [createdBy], [modifiedBy], [isActive]) VALUES (25, 85, N'Huayra Roadster', NULL, N'2013-10-30 20:43:46', N'2013-10-30 20:43:46', NULL, NULL, 1)
INSERT INTO [app].[ModelType] ([modelTypeId], [makeTypeId], [name], [description], [created], [modified], [createdBy], [modifiedBy], [isActive]) VALUES (26, 86, N'GT-LM', NULL, N'2013-10-30 20:44:41', N'2013-10-30 20:44:41', NULL, NULL, 1)
INSERT INTO [app].[ModelType] ([modelTypeId], [makeTypeId], [name], [description], [created], [modified], [createdBy], [modifiedBy], [isActive]) VALUES (27, 86, N'Panoz Esperante', NULL, N'2013-10-30 20:45:10', N'2013-10-30 20:45:10', NULL, NULL, 1)
INSERT INTO [app].[ModelType] ([modelTypeId], [makeTypeId], [name], [description], [created], [modified], [createdBy], [modifiedBy], [isActive]) VALUES (28, 87, N'Qvale Mangusta', NULL, N'2013-10-30 20:45:31', N'2013-10-30 20:45:31', NULL, NULL, 1)
INSERT INTO [app].[ModelType] ([modelTypeId], [makeTypeId], [name], [description], [created], [modified], [createdBy], [modifiedBy], [isActive]) VALUES (29, 88, N'Vector M12', NULL, N'2013-10-30 20:45:43', N'2013-10-30 20:45:43', NULL, NULL, 1)
INSERT INTO [app].[ModelType] ([modelTypeId], [makeTypeId], [name], [description], [created], [modified], [createdBy], [modifiedBy], [isActive]) VALUES (30, 88, N'Vector W8', NULL, N'2013-10-30 20:45:55', N'2013-10-30 20:45:55', NULL, NULL, 1)
INSERT INTO [app].[ModelType] ([modelTypeId], [makeTypeId], [name], [description], [created], [modified], [createdBy], [modifiedBy], [isActive]) VALUES (31, 89, N'Spa', NULL, N'2013-10-30 20:46:20', N'2013-10-30 20:46:20', NULL, NULL, 1)
INSERT INTO [app].[ModelType] ([modelTypeId], [makeTypeId], [name], [description], [created], [modified], [createdBy], [modifiedBy], [isActive]) VALUES (32, 89, N'FW400   ', NULL, N'2013-10-30 20:46:53', N'2013-10-30 20:46:53', NULL, NULL, 1)
INSERT INTO [app].[ModelType] ([modelTypeId], [makeTypeId], [name], [description], [created], [modified], [createdBy], [modifiedBy], [isActive]) VALUES (33, 89, N'XI', NULL, N'2013-10-30 20:47:02', N'2013-10-30 20:47:02', NULL, NULL, 1)
INSERT INTO [app].[ModelType] ([modelTypeId], [makeTypeId], [name], [description], [created], [modified], [createdBy], [modifiedBy], [isActive]) VALUES (34, 89, N'Sport Turbo', NULL, N'2013-10-30 20:47:14', N'2013-10-30 20:47:14', NULL, NULL, 1)
INSERT INTO [app].[ModelType] ([modelTypeId], [makeTypeId], [name], [description], [created], [modified], [createdBy], [modifiedBy], [isActive]) VALUES (35, 89, N'Sport Car', NULL, N'2013-10-30 20:47:21', N'2013-10-30 20:47:21', NULL, NULL, 1)
INSERT INTO [app].[ModelType] ([modelTypeId], [makeTypeId], [name], [description], [created], [modified], [createdBy], [modifiedBy], [isActive]) VALUES (36, 90, N'KZ1', NULL, N'2013-10-30 20:47:33', N'2013-10-30 20:47:33', NULL, NULL, 1)
INSERT INTO [app].[ModelType] ([modelTypeId], [makeTypeId], [name], [description], [created], [modified], [createdBy], [modifiedBy], [isActive]) VALUES (37, 91, N'1120S', NULL, N'2013-10-30 20:47:45', N'2013-10-30 20:47:45', NULL, NULL, 1)
INSERT INTO [app].[ModelType] ([modelTypeId], [makeTypeId], [name], [description], [created], [modified], [createdBy], [modifiedBy], [isActive]) VALUES (38, 92, N'Elgin Street Sweeper', NULL, N'2013-10-30 20:48:02', N'2013-10-30 20:48:02', NULL, NULL, 1)
INSERT INTO [app].[ModelType] ([modelTypeId], [makeTypeId], [name], [description], [created], [modified], [createdBy], [modifiedBy], [isActive]) VALUES (39, 4, N'1600', NULL, N'2013-10-30 20:49:28', N'2013-10-30 20:49:28', NULL, NULL, 1)
INSERT INTO [app].[ModelType] ([modelTypeId], [makeTypeId], [name], [description], [created], [modified], [createdBy], [modifiedBy], [isActive]) VALUES (40, 4, N'2002', NULL, N'2013-10-30 20:49:38', N'2013-10-30 20:49:38', NULL, NULL, 1)
INSERT INTO [app].[ModelType] ([modelTypeId], [makeTypeId], [name], [description], [created], [modified], [createdBy], [modifiedBy], [isActive]) VALUES (41, 4, N'2002 titi', NULL, N'2013-10-30 20:49:50', N'2013-10-30 20:49:50', NULL, NULL, 1)
INSERT INTO [app].[ModelType] ([modelTypeId], [makeTypeId], [name], [description], [created], [modified], [createdBy], [modifiedBy], [isActive]) VALUES (42, 4, N'2002 Turbo', NULL, N'2013-10-30 20:50:02', N'2013-10-30 20:50:02', NULL, NULL, 1)
INSERT INTO [app].[ModelType] ([modelTypeId], [makeTypeId], [name], [description], [created], [modified], [createdBy], [modifiedBy], [isActive]) VALUES (43, 4, N'320i', NULL, N'2013-10-30 20:50:18', N'2013-10-30 20:50:18', NULL, NULL, 1)
INSERT INTO [app].[ModelType] ([modelTypeId], [makeTypeId], [name], [description], [created], [modified], [createdBy], [modifiedBy], [isActive]) VALUES (44, 4, N'318i', NULL, N'2013-10-30 20:50:28', N'2013-10-30 20:50:28', NULL, NULL, 1)
INSERT INTO [app].[ModelType] ([modelTypeId], [makeTypeId], [name], [description], [created], [modified], [createdBy], [modifiedBy], [isActive]) VALUES (45, 4, N'325e', NULL, N'2013-10-30 20:50:38', N'2013-10-30 20:50:38', NULL, NULL, 1)
INSERT INTO [app].[ModelType] ([modelTypeId], [makeTypeId], [name], [description], [created], [modified], [createdBy], [modifiedBy], [isActive]) VALUES (46, 4, N'325es', NULL, N'2013-10-30 20:50:50', N'2013-10-30 20:50:50', NULL, NULL, 1)
INSERT INTO [app].[ModelType] ([modelTypeId], [makeTypeId], [name], [description], [created], [modified], [createdBy], [modifiedBy], [isActive]) VALUES (47, 4, N'M3', NULL, N'2013-10-30 20:51:07', N'2013-10-30 20:51:07', NULL, NULL, 1)
INSERT INTO [app].[ModelType] ([modelTypeId], [makeTypeId], [name], [description], [created], [modified], [createdBy], [modifiedBy], [isActive]) VALUES (48, 4, N'325i', NULL, N'2013-10-30 21:05:44', N'2013-10-30 21:05:44', NULL, NULL, 1)
INSERT INTO [app].[ModelType] ([modelTypeId], [makeTypeId], [name], [description], [created], [modified], [createdBy], [modifiedBy], [isActive]) VALUES (49, 4, N'325is', NULL, N'2013-10-30 21:05:50', N'2013-10-30 21:05:50', NULL, NULL, 1)
INSERT INTO [app].[ModelType] ([modelTypeId], [makeTypeId], [name], [description], [created], [modified], [createdBy], [modifiedBy], [isActive]) VALUES (50, 4, N'M3 Cabriolet', NULL, N'2013-10-30 21:06:29', N'2013-10-30 21:06:29', NULL, NULL, 1)
INSERT INTO [app].[ModelType] ([modelTypeId], [makeTypeId], [name], [description], [created], [modified], [createdBy], [modifiedBy], [isActive]) VALUES (51, 4, N'M3 Luxury ', NULL, N'2013-10-30 21:06:39', N'2013-10-30 21:06:39', NULL, NULL, 1)
INSERT INTO [app].[ModelType] ([modelTypeId], [makeTypeId], [name], [description], [created], [modified], [createdBy], [modifiedBy], [isActive]) VALUES (52, 4, N'328is', NULL, N'2013-10-30 21:07:01', N'2013-10-30 21:07:01', NULL, NULL, 1)
INSERT INTO [app].[ModelType] ([modelTypeId], [makeTypeId], [name], [description], [created], [modified], [createdBy], [modifiedBy], [isActive]) VALUES (53, 4, N'323CI', NULL, N'2013-10-30 21:07:32', N'2013-10-30 21:07:32', NULL, NULL, 1)
INSERT INTO [app].[ModelType] ([modelTypeId], [makeTypeId], [name], [description], [created], [modified], [createdBy], [modifiedBy], [isActive]) VALUES (54, 4, N'330xi', NULL, N'2013-10-30 21:07:44', N'2013-10-30 21:07:44', NULL, NULL, 1)
INSERT INTO [app].[ModelType] ([modelTypeId], [makeTypeId], [name], [description], [created], [modified], [createdBy], [modifiedBy], [isActive]) VALUES (55, 4, N'330i', NULL, N'2013-10-30 21:07:57', N'2013-10-30 21:07:57', NULL, NULL, 1)
INSERT INTO [app].[ModelType] ([modelTypeId], [makeTypeId], [name], [description], [created], [modified], [createdBy], [modifiedBy], [isActive]) VALUES (56, 4, N'M3 GTR', NULL, N'2013-10-30 21:08:14', N'2013-10-30 21:08:14', NULL, NULL, 1)
INSERT INTO [app].[ModelType] ([modelTypeId], [makeTypeId], [name], [description], [created], [modified], [createdBy], [modifiedBy], [isActive]) VALUES (57, 4, N'320i SE', NULL, N'2013-10-30 21:08:29', N'2013-10-30 21:08:29', NULL, NULL, 1)
INSERT INTO [app].[ModelType] ([modelTypeId], [makeTypeId], [name], [description], [created], [modified], [createdBy], [modifiedBy], [isActive]) VALUES (58, 4, N'325xi', NULL, N'2013-10-30 21:08:42', N'2013-10-30 21:08:42', NULL, NULL, 1)
INSERT INTO [app].[ModelType] ([modelTypeId], [makeTypeId], [name], [description], [created], [modified], [createdBy], [modifiedBy], [isActive]) VALUES (59, 4, N'335d', NULL, N'2013-10-30 21:09:14', N'2013-10-30 21:09:14', NULL, NULL, 1)
SET IDENTITY_INSERT [app].[ModelType] OFF
SET IDENTITY_INSERT [app].[TransmissionType] ON
Delete from [app].[TransmissionType]
INSERT INTO [app].[TransmissionType] ([transmissionTypeId], [name], [description], [created], [modified], [createdBy], [modifiedBy], [isActive]) VALUES (2, N'Manual', NULL, N'2013-08-21 19:49:41', N'2013-09-07 17:06:55', NULL, NULL, 1)
INSERT INTO [app].[TransmissionType] ([transmissionTypeId], [name], [description], [created], [modified], [createdBy], [modifiedBy], [isActive]) VALUES (3, N'Automatic', NULL, N'2013-09-07 17:06:46', N'2013-09-07 17:06:46', NULL, NULL, 1)
INSERT INTO [app].[TransmissionType] ([transmissionTypeId], [name], [description], [created], [modified], [createdBy], [modifiedBy], [isActive]) VALUES (4, N'Automanual', NULL, N'2013-10-30 19:53:11', N'2013-10-30 19:53:11', NULL, NULL, 1)
INSERT INTO [app].[TransmissionType] ([transmissionTypeId], [name], [description], [created], [modified], [createdBy], [modifiedBy], [isActive]) VALUES (5, N'CVT', NULL, N'2013-10-30 19:53:22', N'2013-10-30 19:53:22', NULL, NULL, 1)
SET IDENTITY_INSERT [app].[TransmissionType] OFF
SET IDENTITY_INSERT [app].[CarFuelType] ON
Delete from [app].[CarFuelType]
INSERT INTO [app].[CarFuelType] ([carFuelTypeId], [name], [created], [modified], [createdBy], [modifiedBy], [isActive]) VALUES (1, N'Gasoline', N'2013-10-30 20:00:03', N'2013-10-30 20:00:03', NULL, NULL, 1)
INSERT INTO [app].[CarFuelType] ([carFuelTypeId], [name], [created], [modified], [createdBy], [modifiedBy], [isActive]) VALUES (2, N'E-85/Gasoline', N'2013-10-30 20:00:19', N'2013-10-30 20:00:19', NULL, NULL, 1)
INSERT INTO [app].[CarFuelType] ([carFuelTypeId], [name], [created], [modified], [createdBy], [modifiedBy], [isActive]) VALUES (3, N'Gasoline Hybird', N'2013-10-30 20:00:41', N'2013-10-30 20:00:41', NULL, NULL, 1)
INSERT INTO [app].[CarFuelType] ([carFuelTypeId], [name], [created], [modified], [createdBy], [modifiedBy], [isActive]) VALUES (4, N'Diesel', N'2013-10-30 20:00:54', N'2013-10-30 20:00:54', NULL, NULL, 1)
INSERT INTO [app].[CarFuelType] ([carFuelTypeId], [name], [created], [modified], [createdBy], [modifiedBy], [isActive]) VALUES (5, N'Electric', N'2013-10-30 20:01:07', N'2013-10-30 20:01:07', NULL, NULL, 1)
INSERT INTO [app].[CarFuelType] ([carFuelTypeId], [name], [created], [modified], [createdBy], [modifiedBy], [isActive]) VALUES (6, N'Compressed Natural Gas', N'2013-10-30 20:01:31', N'2013-10-30 20:01:31', NULL, NULL, 1)
SET IDENTITY_INSERT [app].[CarFuelType] OFF
SET IDENTITY_INSERT [app].[CarEngineType] ON
Delete from [app].[CarEngineType]
INSERT INTO [app].[CarEngineType] ([carEngineTypeId], [name], [created], [modified], [createdBy], [modifiedBy], [isActive]) VALUES (2, N'Hybrid', N'2013-10-16 12:17:11', N'2013-10-16 12:17:11', NULL, NULL, 1)
INSERT INTO [app].[CarEngineType] ([carEngineTypeId], [name], [created], [modified], [createdBy], [modifiedBy], [isActive]) VALUES (3, N'Rotary Engine', N'2013-10-16 12:17:18', N'2013-10-16 12:17:18', NULL, NULL, 1)
INSERT INTO [app].[CarEngineType] ([carEngineTypeId], [name], [created], [modified], [createdBy], [modifiedBy], [isActive]) VALUES (4, N'3 Cylinder', N'2013-10-30 20:12:27', N'2013-10-30 20:12:27', NULL, NULL, 1)
INSERT INTO [app].[CarEngineType] ([carEngineTypeId], [name], [created], [modified], [createdBy], [modifiedBy], [isActive]) VALUES (5, N'4 Cylinder', N'2013-10-30 20:12:38', N'2013-10-30 20:12:38', NULL, NULL, 1)
INSERT INTO [app].[CarEngineType] ([carEngineTypeId], [name], [created], [modified], [createdBy], [modifiedBy], [isActive]) VALUES (6, N'5 Cylinder', N'2013-10-30 20:12:42', N'2013-10-30 20:12:42', NULL, NULL, 1)
INSERT INTO [app].[CarEngineType] ([carEngineTypeId], [name], [created], [modified], [createdBy], [modifiedBy], [isActive]) VALUES (7, N'6 Cylinder', N'2013-10-30 20:12:46', N'2013-10-30 20:12:46', NULL, NULL, 1)
INSERT INTO [app].[CarEngineType] ([carEngineTypeId], [name], [created], [modified], [createdBy], [modifiedBy], [isActive]) VALUES (8, N'8 Cylinder', N'2013-10-30 20:12:51', N'2013-10-30 20:12:51', NULL, NULL, 1)
INSERT INTO [app].[CarEngineType] ([carEngineTypeId], [name], [created], [modified], [createdBy], [modifiedBy], [isActive]) VALUES (9, N'10 Cylinder', N'2013-10-30 20:13:01', N'2013-10-30 20:13:01', NULL, NULL, 1)
INSERT INTO [app].[CarEngineType] ([carEngineTypeId], [name], [created], [modified], [createdBy], [modifiedBy], [isActive]) VALUES (10, N'12 Cylinder', N'2013-10-30 20:13:06', N'2013-10-30 20:13:06', NULL, NULL, 1)
SET IDENTITY_INSERT [app].[CarEngineType] OFF
SET IDENTITY_INSERT [app].[CarDriveType] ON
Delete from [app].[CarDriveType] 
INSERT INTO [app].[CarDriveType] ([carDriveTypeId], [name], [created], [modified], [createdBy], [modifiedBy], [isActive]) VALUES (3, N'AWD       ', N'2013-10-30 19:57:10', N'2013-10-30 19:57:10', NULL, NULL, 1)
INSERT INTO [app].[CarDriveType] ([carDriveTypeId], [name], [created], [modified], [createdBy], [modifiedBy], [isActive]) VALUES (4, N'FWD       ', N'2013-10-30 19:57:42', N'2013-10-30 19:57:42', NULL, NULL, 1)
INSERT INTO [app].[CarDriveType] ([carDriveTypeId], [name], [created], [modified], [createdBy], [modifiedBy], [isActive]) VALUES (5, N'RWD       ', N'2013-10-30 19:57:49', N'2013-10-30 19:57:49', NULL, NULL, 1)
INSERT INTO [app].[CarDriveType] ([carDriveTypeId], [name], [created], [modified], [createdBy], [modifiedBy], [isActive]) VALUES (6, N'4x2/2 WD  ', N'2013-10-30 19:58:01', N'2013-10-30 19:58:01', NULL, NULL, 1)
INSERT INTO [app].[CarDriveType] ([carDriveTypeId], [name], [created], [modified], [createdBy], [modifiedBy], [isActive]) VALUES (7, N'4x2/4  WD ', N'2013-10-30 19:58:12', N'2013-10-30 19:58:12', NULL, NULL, 1)
SET IDENTITY_INSERT [app].[CarDriveType] OFF
SET IDENTITY_INSERT [app].[CarDoorType] ON
Delete from [app].[CarDoorType]
INSERT INTO [app].[CarDoorType] ([carDoorTypeId], [name], [created], [modified], [createdBy], [modifiedBy], [isActive]) VALUES (1, N'One Door', N'2013-10-30 20:09:39', N'2013-10-30 20:09:39', NULL, NULL, 1)
INSERT INTO [app].[CarDoorType] ([carDoorTypeId], [name], [created], [modified], [createdBy], [modifiedBy], [isActive]) VALUES (2, N'Two Door', N'2013-10-30 20:09:42', N'2013-10-30 20:09:42', NULL, NULL, 1)
INSERT INTO [app].[CarDoorType] ([carDoorTypeId], [name], [created], [modified], [createdBy], [modifiedBy], [isActive]) VALUES (3, N'Three Door', N'2013-10-30 20:09:55', N'2013-10-30 20:09:55', NULL, NULL, 1)
INSERT INTO [app].[CarDoorType] ([carDoorTypeId], [name], [created], [modified], [createdBy], [modifiedBy], [isActive]) VALUES (4, N'Four Door', N'2013-10-30 20:09:58', N'2013-10-30 20:09:58', NULL, NULL, 1)
INSERT INTO [app].[CarDoorType] ([carDoorTypeId], [name], [created], [modified], [createdBy], [modifiedBy], [isActive]) VALUES (5, N'Five Door', N'2013-10-30 20:10:04', N'2013-10-30 20:10:04', NULL, NULL, 1)
SET IDENTITY_INSERT [app].[CarDoorType] OFF
SET IDENTITY_INSERT [app].[CarColorType] ON
Delete from [app].[CarColorType]
INSERT INTO [app].[CarColorType] ([carColorTypeId], [name], [created], [modified], [createdBy], [modifiedBy], [isActive]) VALUES (2, N'White', N'2013-10-15 16:28:21', N'2013-10-15 16:28:21', NULL, NULL, 1)
INSERT INTO [app].[CarColorType] ([carColorTypeId], [name], [created], [modified], [createdBy], [modifiedBy], [isActive]) VALUES (3, N'Yellow', N'2013-10-15 16:28:57', N'2013-10-15 16:28:57', NULL, NULL, 1)
INSERT INTO [app].[CarColorType] ([carColorTypeId], [name], [created], [modified], [createdBy], [modifiedBy], [isActive]) VALUES (4, N'Black', N'2013-10-15 17:11:15', N'2013-10-15 17:11:15', NULL, NULL, 1)
INSERT INTO [app].[CarColorType] ([carColorTypeId], [name], [created], [modified], [createdBy], [modifiedBy], [isActive]) VALUES (5, N'Beige', N'2013-10-30 19:49:06', N'2013-10-30 19:49:06', NULL, NULL, 1)
INSERT INTO [app].[CarColorType] ([carColorTypeId], [name], [created], [modified], [createdBy], [modifiedBy], [isActive]) VALUES (6, N'Blue', N'2013-10-30 19:49:28', N'2013-10-30 19:49:28', NULL, NULL, 1)
INSERT INTO [app].[CarColorType] ([carColorTypeId], [name], [created], [modified], [createdBy], [modifiedBy], [isActive]) VALUES (7, N'Brown', N'2013-10-30 19:49:32', N'2013-10-30 19:49:32', NULL, NULL, 1)
INSERT INTO [app].[CarColorType] ([carColorTypeId], [name], [created], [modified], [createdBy], [modifiedBy], [isActive]) VALUES (8, N'Gold', N'2013-10-30 19:49:43', N'2013-10-30 19:49:43', NULL, NULL, 1)
INSERT INTO [app].[CarColorType] ([carColorTypeId], [name], [created], [modified], [createdBy], [modifiedBy], [isActive]) VALUES (9, N'Gray', N'2013-10-30 19:49:47', N'2013-10-30 19:49:47', NULL, NULL, 1)
INSERT INTO [app].[CarColorType] ([carColorTypeId], [name], [created], [modified], [createdBy], [modifiedBy], [isActive]) VALUES (10, N'Geen', N'2013-10-30 19:49:55', N'2013-10-30 19:49:55', NULL, NULL, 1)
INSERT INTO [app].[CarColorType] ([carColorTypeId], [name], [created], [modified], [createdBy], [modifiedBy], [isActive]) VALUES (11, N'Orange', N'2013-10-30 19:49:57', N'2013-10-30 19:49:57', NULL, NULL, 1)
INSERT INTO [app].[CarColorType] ([carColorTypeId], [name], [created], [modified], [createdBy], [modifiedBy], [isActive]) VALUES (12, N'Pink', N'2013-10-30 19:50:03', N'2013-10-30 19:50:03', NULL, NULL, 1)
INSERT INTO [app].[CarColorType] ([carColorTypeId], [name], [created], [modified], [createdBy], [modifiedBy], [isActive]) VALUES (13, N'Purple', N'2013-10-30 19:50:05', N'2013-10-30 19:50:05', NULL, NULL, 1)
INSERT INTO [app].[CarColorType] ([carColorTypeId], [name], [created], [modified], [createdBy], [modifiedBy], [isActive]) VALUES (14, N'Red', N'2013-10-30 19:52:01', N'2013-10-30 19:52:01', NULL, NULL, 1)
INSERT INTO [app].[CarColorType] ([carColorTypeId], [name], [created], [modified], [createdBy], [modifiedBy], [isActive]) VALUES (15, N'Off White', N'2013-10-30 20:08:03', N'2013-10-30 20:08:03', NULL, NULL, 1)
INSERT INTO [app].[CarColorType] ([carColorTypeId], [name], [created], [modified], [createdBy], [modifiedBy], [isActive]) VALUES (16, N'Burgundy', N'2013-10-30 20:08:16', N'2013-10-30 20:08:16', NULL, NULL, 1)
INSERT INTO [app].[CarColorType] ([carColorTypeId], [name], [created], [modified], [createdBy], [modifiedBy], [isActive]) VALUES (17, N'Charcoal', N'2013-10-30 20:08:26', N'2013-10-30 20:08:26', NULL, NULL, 1)
INSERT INTO [app].[CarColorType] ([carColorTypeId], [name], [created], [modified], [createdBy], [modifiedBy], [isActive]) VALUES (18, N'Tan', N'2013-10-30 20:08:55', N'2013-10-30 20:08:55', NULL, NULL, 1)
INSERT INTO [app].[CarColorType] ([carColorTypeId], [name], [created], [modified], [createdBy], [modifiedBy], [isActive]) VALUES (19, N'Turquoise', N'2013-10-30 20:09:11', N'2013-10-30 20:09:11', NULL, NULL, 1)
SET IDENTITY_INSERT [app].[CarColorType] OFF
SET IDENTITY_INSERT [app].[CarBodyType] ON
Delete from [app].[CarBodyType]
INSERT INTO [app].[CarBodyType] ([carBodyTypeId], [name], [description], [created], [modified], [createdBy], [modifiedBy], [isActive]) VALUES (1, N'Sedan', N'he;lo', N'2013-08-21 19:49:28', N'2013-08-21 19:49:28', NULL, NULL, 1)
INSERT INTO [app].[CarBodyType] ([carBodyTypeId], [name], [description], [created], [modified], [createdBy], [modifiedBy], [isActive]) VALUES (2, N'SUV', NULL, N'2013-10-13 12:09:07', N'2013-10-13 12:09:07', NULL, NULL, 1)
INSERT INTO [app].[CarBodyType] ([carBodyTypeId], [name], [description], [created], [modified], [createdBy], [modifiedBy], [isActive]) VALUES (3, N'Wagon', NULL, N'2013-10-30 20:02:50', N'2013-10-30 20:02:50', NULL, NULL, 1)
INSERT INTO [app].[CarBodyType] ([carBodyTypeId], [name], [description], [created], [modified], [createdBy], [modifiedBy], [isActive]) VALUES (4, N'Coupe', NULL, N'2013-10-30 20:02:56', N'2013-10-30 20:02:56', NULL, NULL, 1)
INSERT INTO [app].[CarBodyType] ([carBodyTypeId], [name], [description], [created], [modified], [createdBy], [modifiedBy], [isActive]) VALUES (5, N'Hatchback', NULL, N'2013-10-30 20:03:18', N'2013-10-30 20:03:18', NULL, NULL, 1)
INSERT INTO [app].[CarBodyType] ([carBodyTypeId], [name], [description], [created], [modified], [createdBy], [modifiedBy], [isActive]) VALUES (6, N'Van/Minivan', NULL, N'2013-10-30 20:03:27', N'2013-10-30 20:03:27', NULL, NULL, 1)
INSERT INTO [app].[CarBodyType] ([carBodyTypeId], [name], [description], [created], [modified], [createdBy], [modifiedBy], [isActive]) VALUES (7, N'Truck', NULL, N'2013-10-30 20:03:33', N'2013-10-30 20:03:33', NULL, NULL, 1)
INSERT INTO [app].[CarBodyType] ([carBodyTypeId], [name], [description], [created], [modified], [createdBy], [modifiedBy], [isActive]) VALUES (8, N'Convertible', NULL, N'2013-10-30 20:03:50', N'2013-10-30 20:03:50', NULL, NULL, 1)
SET IDENTITY_INSERT [app].[CarBodyType] OFF
